{"cameraMode":{"drawMode":0,"name":"Shaded","section":"Shading Mode"},"sceneLighting":true,"audioPlay":false,"sceneViewState":{"showFog":true,"showMaterialUpdate":false,"showSkybox":true,"showFlares":true,"showImageEffects":true,"showParticleSystems":true},"in2DMode":false,"pivot":{"x":38.17353439331055,"y":32.280914306640628,"z":20.19047737121582},"rotation":{"x":0.41977646946907046,"y":-0.5704066157341003,"z":0.4243476092815399,"w":0.5642723441123962},"size":22.989999771118165,"orthographic":false}