{"cameraMode":{"drawMode":0,"name":"Shaded","section":"Shading Mode"},"sceneLighting":false,"audioPlay":false,"sceneViewState":{"showFog":true,"showMaterialUpdate":false,"showSkybox":false,"showFlares":true,"showImageEffects":true,"showParticleSystems":true},"in2DMode":false,"pivot":{"x":-0.11647188663482666,"y":0.17497003078460694,"z":0.7764471769332886},"rotation":{"x":-0.32929834723472597,"y":0.5218784213066101,"z":-0.22819793224334718,"w":-0.7530946731567383},"size":2.4750001430511476,"orthographic":false}